video,psnr,ssim,yuvpsnr,yuvssim,bpp
video_0a86_qrcode.yuv,21.395954640706382,0.8922195593516032,0.0,0.0,-1
